model,humaneval,mbpp,gsm8k,math,truthfulqa,mmlu_pro,arc,hellaswag
Llama-3.2-1B,28.0,33.4,48.9,17.5,19.4,18.4,46.4,28.0
Qwen2.5-1.5B,42.7,43.2,71.1,24.1,30.5,26.7,71.1,53.9
Gemma-2-2B,39.6,44.2,67.8,19.9,46.3,2.0,75.6,34.6
Llama-3.2-3B,41.5,50.2,79.8,26.3,33.3,28.8,74.2,46.5
Qwen2.5-7B,47.0,67.0,92.3,31.3,57.0,41.2,82.0,78.5
Llama-3.1-8B,53.7,54.8,85.7,27.8,43.3,36.5,67.2,67.4
Gemma-2-9B,41.5,63.2,88.3,31.1,64.1,2.7,85.8,78.5
Qwen2.5-14B,51.2,68.8,93.9,33.3,66.0,49.1,82.8,86.4
Gemma-3-27B,77.4,68.0,94.6,39.0,58.0,33.7,92.8,82.7
