claim,paper,reproduced,match
Queries across 8 benchmarks,"31,019","31,019",yes
Static baseline runs (9 models x queries),"279,171","279,171",yes
Total inference runs,"310,190","310,190",yes
"Throughput, Llama-3.2-1B (tok/s)",45.8,45.8,yes
"Throughput, Gemma-3-27B (tok/s)",4.6,4.6,yes
Throughput ratio small/large,10x,10x,yes
"Latency, Llama-3.2-1B (s)",1.51,1.51,yes
"Latency, Gemma-3-27B (s)",21.66,21.66,yes
Latency ratio large/small,14x,14x,yes
"Accuracy, Qwen2.5-14B (%)",62.6,62.6,yes
"Accuracy, Gemma-3-27B (%)",56.6,56.6,yes
"Accuracy, Qwen2.5-7B (%)",56.3,56.3,yes
"Latency, Qwen2.5-7B (s)",4.83,4.83,yes
Latency ratio Gemma-3-27B / Qwen2.5-7B,4.5x,4.5x,yes
Table I Llama-3.2-1B: queries,"5,319","5,319",yes
Table I Llama-3.2-1B: % of queries,17.1,17.1,yes
Table I Llama-3.2-1B: accuracy (%),23.2,23.2,yes
Table I Llama-3.2-1B: latency (s),1.82,1.82,yes
Table I Qwen2.5-1.5B: queries,11,11,yes
Table I Qwen2.5-1.5B: % of queries,0.04,0.04,yes
Table I Qwen2.5-1.5B: accuracy (%),27.3,27.3,yes
Table I Qwen2.5-1.5B: latency (s),4.22,4.22,yes
Table I Gemma-2-2B: queries,7,7,yes
Table I Gemma-2-2B: % of queries,0.02,0.02,yes
Table I Gemma-2-2B: accuracy (%),28.6,28.6,yes
Table I Gemma-2-2B: latency (s),3.34,3.34,yes
Table I Llama-3.2-3B: queries,5,5,yes
Table I Llama-3.2-3B: % of queries,0.02,0.02,yes
Table I Llama-3.2-3B: accuracy (%),20.0,20.0,yes
Table I Llama-3.2-3B: latency (s),8.29,8.29,yes
Table I Qwen2.5-7B: queries,"8,101","8,101",yes
Table I Qwen2.5-7B: % of queries,26.1,26.1,yes
Table I Qwen2.5-7B: accuracy (%),63.3,63.3,yes
Table I Qwen2.5-7B: latency (s),28.53,28.53,yes
Table I Llama-3.1-8B: queries,"13,462","13,462",yes
Table I Llama-3.1-8B: % of queries,43.4,43.4,yes
Table I Llama-3.1-8B: accuracy (%),54.5,54.5,yes
Table I Llama-3.1-8B: latency (s),28.87,28.87,yes
Table I Gemma-2-9B: queries,499,499,yes
Table I Gemma-2-9B: % of queries,1.6,1.6,yes
Table I Gemma-2-9B: accuracy (%),73.5,73.5,yes
Table I Gemma-2-9B: latency (s),30.52,30.52,yes
Table I Qwen2.5-14B: queries,347,347,yes
Table I Qwen2.5-14B: % of queries,1.1,1.1,yes
Table I Qwen2.5-14B: accuracy (%),72.0,72.0,yes
Table I Qwen2.5-14B: latency (s),44.63,44.63,yes
Table I Gemma-2-27B: queries,633,633,yes
Table I Gemma-2-27B: % of queries,2.0,2.0,yes
Table I Gemma-2-27B: accuracy (%),75.2,75.2,yes
Table I Gemma-2-27B: latency (s),13.28,13.28,yes
Table I unscored queries (no judge label),"2,635","2,635",yes
Table I unscored share (%),8.5,8.5,yes
Table I overall accuracy (%),49.7,49.7,yes
Table I overall latency (s),23.4,23.4,yes
Oracle accuracy (%),86.8,86.8,yes
Queries no model solves (%),13.2,13.2,yes
Share of oracle ceiling captured (%),57.2,57.2,yes
Share of queries routed to the 14B and 27B models (%),3.2,3.2,yes
"Table II scored routed queries, 1-3B models","5,342","5,342",yes
"Table II scored routed queries, 7-9B models","22,062","22,062",yes
"Table II scored routed queries, 14-27B models",980,980,yes
"Table II scored routed queries, total","28,384","28,384",yes
"Fig. 3 rate at 31,000 queries, Llama-3.1-8B (%)",46.1,46.1,yes
"Fig. 3 rate at 31,000 queries, Qwen2.5-7B (%)",27.8,27.8,yes
"Fig. 3 rate at 31,000 queries, Llama-3.2-1B (%)",19.6,19.6,yes
"Fig. 3 rate at 31,000 queries, Gemma-2-9B (%)",2.5,2.5,yes
Fig. 2a throughput Llama-3.2-1B (tok/s),45.8,45.8,yes
Fig. 2a throughput Qwen2.5-1.5B (tok/s),26.4,26.4,yes
Fig. 2a throughput Gemma-2-2B (tok/s),24.9,24.9,yes
Fig. 2a throughput Llama-3.2-3B (tok/s),16.3,16.3,yes
Fig. 2a throughput Qwen2.5-7B (tok/s),7.5,7.5,yes
Fig. 2a throughput Llama-3.1-8B (tok/s),10.6,10.6,yes
Fig. 2a throughput Gemma-2-9B (tok/s),11.5,11.5,yes
Fig. 2a throughput Qwen2.5-14B (tok/s),5.6,5.6,yes
Fig. 2a throughput Gemma-3-27B (tok/s),4.6,4.6,yes
Fig. 2b latency Llama-3.2-1B (s),1.5,1.5,yes
Fig. 2b latency Qwen2.5-1.5B (s),1.5,1.5,yes
Fig. 2b latency Gemma-2-2B (s),2.1,2.1,yes
Fig. 2b latency Llama-3.2-3B (s),2.2,2.2,yes
Fig. 2b latency Qwen2.5-7B (s),4.8,4.8,yes
Fig. 2b latency Llama-3.1-8B (s),4.3,4.3,yes
Fig. 2b latency Gemma-2-9B (s),6.5,6.5,yes
Fig. 2b latency Qwen2.5-14B (s),7.6,7.6,yes
Fig. 2b latency Gemma-3-27B (s),21.7,21.7,yes
